{"cameraMode":{"drawMode":0,"name":"Shaded","section":"Shading Mode"},"sceneLighting":true,"audioPlay":false,"sceneViewState":{"showFog":true,"showMaterialUpdate":false,"showSkybox":true,"showFlares":true,"showImageEffects":true,"showParticleSystems":true},"in2DMode":false,"pivot":{"x":-1.5365004539489747,"y":-2.54177188873291,"z":2.7239909172058107},"rotation":{"x":-0.0782325342297554,"y":-0.7514811754226685,"z":0.0906132236123085,"w":-0.6488045454025269},"size":16.99153709411621,"orthographic":false}