{"cameraMode":{"drawMode":0,"name":"Shaded","section":"Shading Mode"},"sceneLighting":true,"audioPlay":false,"sceneViewState":{"showFog":true,"showMaterialUpdate":false,"showSkybox":true,"showFlares":true,"showImageEffects":true,"showParticleSystems":true},"in2DMode":false,"pivot":{"x":-0.691177248954773,"y":1.452056646347046,"z":-0.37872231006622317},"rotation":{"x":-0.00008018680091481656,"y":-0.9996392726898193,"z":0.002999053103849292,"w":-0.026700032874941827},"size":3.3154265880584719,"orthographic":false}