{"cameraMode":{"drawMode":0,"name":"Shaded","section":"Shading Mode"},"sceneLighting":true,"audioPlay":false,"sceneViewState":{"showFog":true,"showMaterialUpdate":false,"showSkybox":true,"showFlares":true,"showImageEffects":true,"showParticleSystems":true},"in2DMode":false,"pivot":{"x":0.7320480346679688,"y":0.5253781080245972,"z":-3.524616003036499},"rotation":{"x":0.004759554751217365,"y":0.9934413433074951,"z":-0.1050073578953743,"w":0.04503467306494713},"size":7.218229293823242,"orthographic":false}