{"cameraMode":{"drawMode":0,"name":"Shaded","section":"Shading Mode"},"sceneLighting":true,"audioPlay":false,"sceneViewState":{"showFog":true,"showMaterialUpdate":false,"showSkybox":true,"showFlares":true,"showImageEffects":true,"showParticleSystems":true},"in2DMode":false,"pivot":{"x":-16.053672790527345,"y":-2.0422298908233644,"z":0.9429618120193481},"rotation":{"x":0.06123402342200279,"y":-0.697282612323761,"z":0.059963323175907138,"w":0.7116628885269165},"size":20.212139129638673,"orthographic":false}